category,total_revenue,avg_transaction,num_transactions,revenue_share_pct
Footwear,12815531.0,52308.28979591837,245,29.13
Accessories,12214947.0,49056.01204819277,249,27.76
Women's Apparel,8659787.0,40466.29439252336,214,19.68
Men's Apparel,6885701.0,30200.44298245614,228,15.65
Kids,3423587.0,15632.817351598174,219,7.78
