region,total_revenue,avg_transaction,num_transactions,num_stores,revenue_share_pct
Kanto,17256238.0,38604.55928411633,447,4,39.22
Kansai,5202653.0,37975.56934306569,137,1,11.82
Tohoku,4665006.0,39201.731092436974,119,1,10.6
Kyushu,4635070.0,39957.5,116,1,10.53
Chubu,4480324.0,37968.84745762712,118,1,10.18
Chugoku,4085208.0,32422.285714285714,126,1,9.28
Hokkaido,3675054.0,39946.239130434784,92,1,8.35
